{
    "gamma": 0.995,
    "seed": 0,
    "cpu": 8,
    "steps_per_epoch": 80000,
    "epochs": 2000,
    "hidden_dim": 128,
    "max_cycle": 80,
    "map_size": 24,
    "step_reward": -0.05,
    "dead_penalty": -0.5,
    "attack_penalty": -0.1,
    "attack_opponent_reward": 0.5,
    "enemy_policy": "ppo",
    "communication_range": 2,
    "plot_topology": false,
    "message_size": 5,
    "communicate": false,
    "view_range": 6,
    "min_neigh": 1,
    "pooling_ratio": 0.4,
    "nhid": 128,
    "with_state": true,
    "zero_state": false,
    "gcn": true,
    "attack_food_reward": 1.0,
    "vae_model": true,
    "global_reward": false,
    "random": true,
    "vae_observation_dim": 96,
    "hid_shape": 160,
    "latent_state_shape": 128,
    "input_shape": [
        "torch.Size([7, 13, 13])",
        "torch.Size([35])"
    ],
    "observation_shape": "torch.Size([7, 13, 13])",
    "state_shape": "torch.Size([3, 24, 24])",
    "n_actions": 33
}